Date,Adj Close ^GSPC,Adj Close ^IXIC,Adj Close ^DJI,Adj Close ^RUT,Close ^GSPC,Close ^IXIC,Close ^DJI,Close ^RUT,High ^GSPC,High ^IXIC,High ^DJI,High ^RUT,Low ^GSPC,Low ^IXIC,Low ^DJI,Low ^RUT,Open ^GSPC,Open ^IXIC,Open ^DJI,Open ^RUT,Volume ^GSPC,Volume ^IXIC,Volume ^DJI,Volume ^RUT
2024-01-02 00:00:00,4742.830078125,14765.9404296875,37715.0390625,2012.800048828125,4742.830078125,14765.9404296875,37715.0390625,2012.800048828125,4754.330078125,14887.7998046875,37790.078125,2032.489990234375,4722.669921875,14682.3798828125,37495.91015625,2003.4100341796875,4745.2001953125,14873.7001953125,37566.21875,2012.75,3743050000,5791170000,350280000,3743050000
2024-01-03 00:00:00,4704.81005859375,14592.2099609375,37430.19140625,1959.199951171875,4704.81005859375,14592.2099609375,37430.19140625,1959.199951171875,4729.2900390625,14694.580078125,37629.23046875,1995.1700439453125,4699.7099609375,14577.4404296875,37401.8515625,1958.030029296875,4725.06982421875,14641.4697265625,37629.23046875,1995.1700439453125,3950760000,5449950000,322010000,3950760000
2024-01-04 00:00:00,4688.68017578125,14510.2998046875,37440.33984375,1957.72998046875,4688.68017578125,14510.2998046875,37440.33984375,1957.72998046875,4726.77978515625,14632.76953125,37716.41015625,1970.5400390625,4687.52978515625,14504.7802734375,37425.28125,1956.699951171875,4697.419921875,14532.23046875,37425.28125,1964.3499755859375,3715480000,5289220000,380220000,3715480000
2024-01-05 00:00:00,4697.240234375,14524.0703125,37466.109375,1951.1400146484375,4697.240234375,14524.0703125,37466.109375,1951.1400146484375,4721.490234375,14625.1904296875,37623.62109375,1967.989990234375,4682.10986328125,14477.5703125,37323.8203125,1941.77001953125,4690.56982421875,14500.1103515625,37455.4609375,1943.5,3844370000,5232820000,299480000,3844370000
2024-01-08 00:00:00,4763.5400390625,14843.76953125,37683.01171875,1989.010009765625,4763.5400390625,14843.76953125,37683.01171875,1989.010009765625,4764.5400390625,14846.900390625,37692.921875,1989.010009765625,4699.81982421875,14560.2001953125,37249.23828125,1944.8599853515625,4703.7001953125,14564.4697265625,37327.37109375,1948.9000244140625,3742320000,6337770000,362200000,3742320000
2024-01-09 00:00:00,4756.5,14857.7099609375,37525.16015625,1968.0400390625,4756.5,14857.7099609375,37525.16015625,1968.0400390625,4765.47021484375,14894.3203125,37552.37890625,1975.22998046875,4730.35009765625,14716.7099609375,37373.30078125,1957.4200439453125,4741.93017578125,14744.1298828125,37523.55078125,1964.719970703125,3529960000,5068410000,289860000,3529960000
2024-01-10 00:00:00,4783.4501953125,14969.650390625,37695.73046875,1970.260009765625,4783.4501953125,14969.650390625,37695.73046875,1970.260009765625,4790.7998046875,14998.2001953125,37740.76953125,1971.25,4756.2001953125,14842.7001953125,37524.3984375,1953.0,4759.93994140625,14877.7001953125,37552.91015625,1965.469970703125,3498680000,4404590000,279540000,3498680000
2024-01-11 00:00:00,4780.240234375,14970.1904296875,37711.01953125,1955.4599609375,4780.240234375,14970.1904296875,37711.01953125,1955.4599609375,4798.5,15063.6103515625,37801.8984375,1964.22998046875,4739.580078125,14800.3798828125,37424.28125,1934.3199462890625,4792.1298828125,15020.9501953125,37747.140625,1963.1099853515625,3759890000,5044690000,299540000,3759890000
2024-01-12 00:00:00,4783.830078125,14972.759765625,37592.98046875,1950.9599609375,4783.830078125,14972.759765625,37592.98046875,1950.9599609375,4802.39990234375,15047.25,37825.26953125,1983.81005859375,4768.97998046875,14931.8798828125,37470.19140625,1947.5,4791.18017578125,15001.009765625,37818.05078125,1977.8800048828125,3486340000,4958940000,279250000,3486340000
2024-01-16 00:00:00,4765.97998046875,14944.349609375,37361.12109375,1927.300048828125,4765.97998046875,14944.349609375,37361.12109375,1927.300048828125,4782.33984375,15004.349609375,37543.1796875,1939.81005859375,4747.1201171875,14863.8095703125,37201.390625,1921.81005859375,4772.35009765625,14908.259765625,37493.5390625,1934.6400146484375,4260550000,6386180000,378280000,4260550000
2024-01-17 00:00:00,4739.2099609375,14855.6201171875,37266.671875,1913.1700439453125,4739.2099609375,14855.6201171875,37266.671875,1913.1700439453125,4744.22998046875,14865.759765625,37371.66015625,1914.2099609375,4714.81982421875,14706.23046875,37132.890625,1898.239990234375,4739.1298828125,14814.76953125,37281.859375,1899.1800537109375,3928600000,5181740000,290880000,3928600000
2024-01-18 00:00:00,4780.93994140625,15055.650390625,37468.609375,1923.6500244140625,4780.93994140625,15055.650390625,37468.609375,1923.6500244140625,4785.7900390625,15066.8095703125,37522.2890625,1926.050048828125,4740.56982421875,14911.1103515625,37122.94921875,1901.6500244140625,4760.10009765625,14994.51953125,37300.80859375,1924.010009765625,4019000000,5587440000,340620000,4019000000
2024-01-19 00:00:00,4839.81005859375,15310.9697265625,37863.80078125,1944.3900146484375,4839.81005859375,15310.9697265625,37863.80078125,1944.3900146484375,4842.06982421875,15310.9697265625,37933.73046875,1944.3900146484375,4785.8701171875,15087.2001953125,37451.7109375,1914.469970703125,4796.27978515625,15122.3798828125,37572.5,1934.0899658203125,4287200000,5604950000,377650000,4287200000
2024-01-22 00:00:00,4850.43017578125,15360.2900390625,38001.80859375,1983.3800048828125,4850.43017578125,15360.2900390625,38001.80859375,1983.3800048828125,4868.41015625,15438.849609375,38109.19921875,1984.1199951171875,4844.0498046875,15333.6298828125,37911.609375,1960.93994140625,4853.419921875,15393.0498046875,37919.55078125,1960.93994140625,4297610000,5456240000,339560000,4297610000
2024-01-23 00:00:00,4864.60009765625,15425.9404296875,37905.44921875,1976.27001953125,4864.60009765625,15425.9404296875,37905.44921875,1976.27001953125,4866.47998046875,15432.349609375,37980.73046875,2001.1400146484375,4844.3701171875,15337.23046875,37804.98828125,1969.93994140625,4856.7998046875,15391.41015625,37959.7890625,2000.5899658203125,3912800000,5207680000,334110000,3912800000
2024-01-24 00:00:00,4868.5498046875,15481.919921875,37806.390625,1961.8599853515625,4868.5498046875,15481.919921875,37806.390625,1961.8599853515625,4903.68017578125,15629.0703125,38064.21875,2000.1800537109375,4865.93994140625,15468.91015625,37795.7109375,1960.47998046875,4888.56005859375,15560.6103515625,37975.37109375,2000.1800537109375,4330030000,4983210000,336090000,4330030000
2024-01-25 00:00:00,4894.16015625,15510.5,38049.12890625,1975.8800048828125,4894.16015625,15510.5,38049.12890625,1975.8800048828125,4898.14990234375,15597.25,38057.53125,1989.2099609375,4869.33984375,15430.6796875,37796.46875,1963.8900146484375,4886.66015625,15555.6201171875,37862.5703125,1987.25,4020430000,5281570000,402970000,4020430000
2024-01-26 00:00:00,4890.97021484375,15455.3603515625,38109.4296875,1978.3299560546875,4890.97021484375,15455.3603515625,38109.4296875,1978.3299560546875,4906.68994140625,15538.83984375,38215.30859375,1993.43994140625,4881.47021484375,15433.0400390625,37997.76953125,1974.6300048828125,4888.91015625,15474.849609375,38006.6796875,1986.6700439453125,3353400000,4510530000,387000000,3353400000
2024-01-29 00:00:00,4927.93017578125,15628.0400390625,38333.44921875,2011.4200439453125,4927.93017578125,15628.0400390625,38333.44921875,2011.4200439453125,4929.31005859375,15630.580078125,38343.9296875,2011.6500244140625,4887.39990234375,15449.8701171875,38061.171875,1972.780029296875,4892.9501953125,15470.66015625,38115.828125,1978.1400146484375,3525160000,4979310000,312480000,3525160000
2024-01-30 00:00:00,4924.97021484375,15509.900390625,38467.30859375,1996.239990234375,4924.97021484375,15509.900390625,38467.30859375,1996.239990234375,4931.08984375,15619.23046875,38497.390625,2005.219970703125,4916.27001953125,15484.669921875,38257.80078125,1990.8199462890625,4925.89013671875,15604.080078125,38298.23046875,2002.3599853515625,3836130000,4719240000,326640000,3836130000
2024-01-31 00:00:00,4845.64990234375,15164.009765625,38150.30078125,1947.3399658203125,4845.64990234375,15164.009765625,38150.30078125,1947.3399658203125,4906.75,15405.5595703125,38588.859375,2003.1500244140625,4845.14990234375,15158.490234375,38139.66015625,1946.8900146484375,4899.18994140625,15324.1904296875,38426.78125,1989.3199462890625,4696120000,5875610000,453250000,4696120000
2024-02-01 00:00:00,4906.18994140625,15361.6396484375,38519.83984375,1974.4200439453125,4906.18994140625,15361.6396484375,38519.83984375,1974.4200439453125,4906.97021484375,15372.1298828125,38522.5,1974.4200439453125,4853.52001953125,15208.8798828125,38106.83984375,1936.22998046875,4861.10986328125,15254.01953125,38175.33984375,1959.5799560546875,4386090000,5046920000,321830000,4386090000
2024-02-02 00:00:00,4958.60986328125,15628.9501953125,38654.421875,1962.72998046875,4958.60986328125,15628.9501953125,38654.421875,1962.72998046875,4975.2900390625,15664.2099609375,38783.62109375,1971.510009765625,4907.990234375,15366.7802734375,38336.5703125,1944.5999755859375,4916.06005859375,15403.16015625,38448.1015625,1950.780029296875,3974350000,4800690000,379760000,3974350000
2024-02-05 00:00:00,4942.81005859375,15597.6796875,38380.12109375,1937.239990234375,4942.81005859375,15597.6796875,38380.12109375,1937.239990234375,4957.18994140625,15637.8798828125,38633.87890625,1951.77001953125,4918.08984375,15471.6796875,38220.3984375,1921.3599853515625,4957.18994140625,15613.990234375,38546.76953125,1951.77001953125,4023640000,4831020000,322290000,4023640000
2024-02-06 00:00:00,4954.22998046875,15609.0,38521.359375,1953.6300048828125,4954.22998046875,15609.0,38521.359375,1953.6300048828125,4957.77001953125,15652.75,38545.28125,1954.0400390625,4934.8798828125,15515.25,38350.4609375,1932.0799560546875,4950.16015625,15638.1904296875,38392.8984375,1936.77001953125,4440880000,4759640000,276140000,4440880000
2024-02-07 00:00:00,4995.06005859375,15756.6396484375,38677.359375,1950.3599853515625,4995.06005859375,15756.6396484375,38677.359375,1950.3599853515625,4999.89013671875,15770.6796875,38748.109375,1958.0699462890625,4969.0498046875,15645.8095703125,38571.01171875,1939.969970703125,4973.0498046875,15690.349609375,38613.890625,1954.3599853515625,4895590000,4567580000,302210000,4895590000
2024-02-08 00:00:00,4997.91015625,15793.7099609375,38726.328125,1979.699951171875,4997.91015625,15793.7099609375,38726.328125,1979.699951171875,5000.39990234375,15813.26953125,38755.6796875,1980.1500244140625,4987.08984375,15739.1796875,38544.359375,1948.6400146484375,4995.16015625,15762.23046875,38702.109375,1949.760009765625,4341860000,5675850000,315510000,4341860000
2024-02-09 00:00:00,5026.60986328125,15990.66015625,38671.69140625,2009.989990234375,5026.60986328125,15990.66015625,38671.69140625,2009.989990234375,5030.06005859375,16007.2900390625,38734.28125,2010.77001953125,5000.33984375,15831.759765625,38567.8984375,1984.1099853515625,5004.169921875,15842.3798828125,38731.96875,1984.1099853515625,3912990000,5797260000,299970000,3912990000
2024-02-12 00:00:00,5021.83984375,15942.5498046875,38797.37890625,2045.260009765625,5021.83984375,15942.5498046875,38797.37890625,2045.260009765625,5048.39013671875,16080.0703125,38927.078125,2052.0,5016.830078125,15917.8701171875,38628.921875,2014.68994140625,5026.830078125,15980.6201171875,38656.76171875,2014.68994140625,3805740000,5458490000,273020000,3805740000
2024-02-13 00:00:00,4953.169921875,15655.599609375,38272.75,1964.1700439453125,4953.169921875,15655.599609375,38272.75,1964.1700439453125,4971.2998046875,15770.419921875,38699.171875,1992.97998046875,4920.31005859375,15551.4404296875,38039.859375,1950.469970703125,4967.93994140625,15598.8798828125,38699.171875,1987.260009765625,4302190000,5599860000,318390000,4302190000
2024-02-14 00:00:00,5000.6201171875,15859.150390625,38424.26953125,2012.0999755859375,5000.6201171875,15859.150390625,38424.26953125,2012.0999755859375,5002.52001953125,15865.509765625,38442.55859375,2014.06005859375,4956.4501953125,15683.9404296875,38194.62109375,1983.0999755859375,4976.43994140625,15781.7099609375,38372.671875,1992.1300048828125,3845600000,5092660000,274610000,3845600000
2024-02-15 00:00:00,5029.72998046875,15906.169921875,38773.12109375,2061.47998046875,5029.72998046875,15906.169921875,38773.12109375,2061.47998046875,5032.72021484375,15911.2197265625,38781.890625,2062.800048828125,4999.43994140625,15779.7197265625,38397.94140625,2027.06005859375,5003.14013671875,15865.2998046875,38397.94140625,2027.530029296875,4137970000,6049100000,303840000,4137970000
2024-02-16 00:00:00,5005.56982421875,15775.650390625,38627.98828125,2045.1400146484375,5005.56982421875,15775.650390625,38627.98828125,2045.1400146484375,5038.7001953125,15917.41015625,38825.03125,2050.239990234375,4999.52001953125,15752.01953125,38583.23828125,2032.1600341796875,5031.1298828125,15910.4296875,38751.7109375,2049.8798828125,3833270000,5223800000,282210000,3833270000
2024-02-20 00:00:00,4975.509765625,15630.7802734375,38563.80078125,2004.1400146484375,4975.509765625,15630.7802734375,38563.80078125,2004.1400146484375,4993.7099609375,15730.4697265625,38663.08984375,2011.530029296875,4955.02001953125,15508.5,38460.19921875,1998.0899658203125,4989.31982421875,15679.83984375,38576.26171875,2008.780029296875,4034880000,5595700000,335990000,4034880000
2024-02-21 00:00:00,4981.7998046875,15580.8701171875,38612.23828125,1994.739990234375,4981.7998046875,15580.8701171875,38612.23828125,1994.739990234375,4983.2099609375,15583.6796875,38618.03125,1997.5999755859375,4946.0,15451.650390625,38338.578125,1982.43994140625,4963.02978515625,15532.1201171875,38483.66015625,1993.43994140625,3788390000,4845740000,279510000,3788390000
2024-02-22 00:00:00,5087.02978515625,16041.6201171875,39069.109375,2013.8399658203125,5087.02978515625,16041.6201171875,39069.109375,2013.8399658203125,5094.39013671875,16061.8203125,39149.609375,2016.8299560546875,5038.830078125,15869.240234375,38802.0703125,1998.800048828125,5038.830078125,15904.48046875,38845.19140625,2003.510009765625,4051710000,5653930000,324630000,4051710000
2024-02-23 00:00:00,5088.7998046875,15996.8203125,39131.53125,2016.68994140625,5088.7998046875,15996.8203125,39131.53125,2016.68994140625,5111.06005859375,16134.2197265625,39282.28125,2026.4300537109375,5081.4599609375,15954.5,39094.359375,2004.6400146484375,5100.919921875,16094.7998046875,39127.96875,2011.449951171875,3672790000,5077910000,286910000,3672790000
2024-02-26 00:00:00,5069.52978515625,15976.25,39069.23046875,2028.969970703125,5069.52978515625,15976.25,39069.23046875,2028.969970703125,5097.66015625,16054.900390625,39245.890625,2031.9599609375,5068.91015625,15973.900390625,39025.80078125,2011.8599853515625,5093.0,16014.4501953125,39144.7890625,2012.9300537109375,3683930000,5417630000,296930000,3683930000
2024-02-27 00:00:00,5078.18017578125,16035.2998046875,38972.41015625,2056.110107421875,5078.18017578125,16035.2998046875,38972.41015625,2056.110107421875,5080.68994140625,16046.099609375,39087.8984375,2058.06005859375,5057.2900390625,15940.509765625,38881.8984375,2045.3699951171875,5074.60009765625,16013.98046875,39087.8984375,2046.5699462890625,3925950000,5423020000,272860000,3925950000
2024-02-28 00:00:00,5069.759765625,15947.740234375,38949.01953125,2040.31005859375,5069.759765625,15947.740234375,38949.01953125,2040.31005859375,5077.3701171875,16003.5595703125,38956.4609375,2053.52001953125,5058.35009765625,15924.7197265625,38741.6796875,2038.6300048828125,5067.2001953125,15969.1396484375,38938.078125,2043.0400390625,3789370000,5581690000,272560000,3789370000
2024-02-29 00:00:00,5096.27001953125,16091.919921875,38996.390625,2054.840087890625,5096.27001953125,16091.919921875,38996.390625,2054.840087890625,5104.990234375,16115.9599609375,39074.12890625,2072.969970703125,5061.89013671875,15931.7001953125,38809.28125,2044.800048828125,5085.35986328125,16059.33984375,39013.75,2060.72998046875,5219740000,6265340000,519690000,5219740000
2024-03-01 00:00:00,5137.080078125,16274.9404296875,39087.37890625,2076.389892578125,5137.080078125,16274.9404296875,39087.37890625,2076.389892578125,5140.330078125,16302.240234375,39120.359375,2077.969970703125,5094.16015625,16096.599609375,38850.5,2052.429931640625,5098.509765625,16109.830078125,38989.51171875,2058.47998046875,4748110000,5457910000,331030000,4748110000
2024-03-04 00:00:00,5130.9501953125,16207.509765625,38989.828125,2074.31005859375,5130.9501953125,16207.509765625,38989.828125,2074.31005859375,5149.669921875,16289.0595703125,39087.859375,2091.800048828125,5127.18017578125,16199.0595703125,38913.30078125,2071.989990234375,5130.990234375,16264.2099609375,38968.76953125,2087.6298828125,4758440000,5725470000,386290000,4758440000
2024-03-05 00:00:00,5078.64990234375,15939.58984375,38585.19140625,2053.7099609375,5078.64990234375,15939.58984375,38585.19140625,2053.7099609375,5114.5400390625,16087.5703125,38906.98046875,2072.300048828125,5056.81982421875,15862.6298828125,38457.828125,2048.1298828125,5110.52001953125,16077.740234375,38906.98046875,2060.72998046875,4418410000,6356800000,393750000,4418410000
2024-03-06 00:00:00,5104.759765625,16031.5400390625,38661.05078125,2068.090087890625,5104.759765625,16031.5400390625,38661.05078125,2068.090087890625,5127.97021484375,16128.5595703125,38858.12890625,2075.64990234375,5092.22021484375,15956.66015625,38570.80078125,2059.860107421875,5108.02978515625,16092.0,38721.1484375,2069.81005859375,4559050000,5511370000,347900000,4559050000
2024-03-07 00:00:00,5157.35986328125,16273.3798828125,38791.3515625,2084.739990234375,5157.35986328125,16273.3798828125,38791.3515625,2084.739990234375,5165.6201171875,16309.01953125,38910.3515625,2090.7900390625,5128.2099609375,16096.009765625,38730.12890625,2079.320068359375,5132.3798828125,16147.3203125,38784.30078125,2079.320068359375,4137980000,5072790000,335580000,4137980000
2024-03-08 00:00:00,5123.68994140625,16085.1103515625,38722.69140625,2082.7099609375,5123.68994140625,16085.1103515625,38722.69140625,2082.7099609375,5189.259765625,16449.69921875,38971.1484375,2115.949951171875,5117.5,16059.5,38705.03125,2075.89990234375,5164.4599609375,16322.099609375,38776.80078125,2099.60009765625,4208870000,5411790000,342030000,4208870000
2024-03-11 00:00:00,5117.93994140625,16019.26953125,38769.66015625,2065.8798828125,5117.93994140625,16019.26953125,38769.66015625,2065.8798828125,5124.66015625,16085.9501953125,38794.76171875,2079.969970703125,5091.14013671875,15978.0400390625,38483.25,2063.780029296875,5111.9599609375,16052.6298828125,38667.2109375,2075.739990234375,3896430000,4917620000,300190000,3896430000
2024-03-12 00:00:00,5175.27001953125,16265.6396484375,39005.48828125,2065.47998046875,5175.27001953125,16265.6396484375,39005.48828125,2065.47998046875,5179.8701171875,16275.4501953125,39071.55859375,2072.949951171875,5114.47998046875,15992.98046875,38711.390625,2052.929931640625,5134.2998046875,16116.98046875,38883.3203125,2066.14990234375,4080510000,5100330000,329090000,4080510000
2024-03-13 00:00:00,5165.31005859375,16177.76953125,39043.3203125,2071.7099609375,5165.31005859375,16177.76953125,39043.3203125,2071.7099609375,5179.14013671875,16233.2998046875,39201.94140625,2080.18994140625,5151.8798828125,16143.33984375,38937.921875,2062.35009765625,5173.490234375,16220.1103515625,39054.578125,2062.75,4282890000,4839000000,330930000,4282890000
2024-03-14 00:00:00,5150.47998046875,16128.5302734375,38905.66015625,2031.1800537109375,5150.47998046875,16128.5302734375,38905.66015625,2031.1800537109375,5176.85009765625,16245.3203125,39160.25,2064.280029296875,5123.2998046875,16039.6796875,38704.359375,2017.280029296875,5175.14013671875,16209.1904296875,39122.390625,2064.280029296875,4687970000,5450980000,375810000,4687970000
2024-03-15 00:00:00,5117.08984375,15973.169921875,38714.76953125,2039.3199462890625,5117.08984375,15973.169921875,38714.76953125,2039.3199462890625,5136.85986328125,16055.330078125,38928.12890625,2041.8800048828125,5104.35009765625,15925.91015625,38618.19921875,2018.949951171875,5123.31005859375,16043.580078125,38809.6484375,2020.6300048828125,7753670000,8261950000,774360000,7753670000
2024-03-18 00:00:00,5149.419921875,16103.4501953125,38790.4296875,2024.739990234375,5149.419921875,16103.4501953125,38790.4296875,2024.739990234375,5175.60009765625,16247.58984375,38898.41015625,2044.0699462890625,5145.47021484375,16094.169921875,38760.7890625,2024.5699462890625,5154.77001953125,16154.919921875,38826.9296875,2042.1199951171875,4036220000,5025040000,327950000,4036220000
2024-03-19 00:00:00,5178.509765625,16166.7900390625,39110.76171875,2035.7099609375,5178.509765625,16166.7900390625,39110.76171875,2035.7099609375,5180.31005859375,16175.58984375,39122.7109375,2039.8299560546875,5131.58984375,15951.8603515625,38761.28125,2009.81005859375,5139.08984375,16031.9296875,38819.609375,2012.030029296875,4031760000,4758740000,310610000,4031760000
2024-03-20 00:00:00,5224.6201171875,16369.41015625,39512.12890625,2074.8798828125,5224.6201171875,16369.41015625,39512.12890625,2074.8798828125,5226.18994140625,16377.4404296875,39529.12890625,2081.330078125,5171.5498046875,16127.48046875,38988.6484375,2028.56005859375,5181.68994140625,16185.759765625,39072.05078125,2030.3800048828125,4064850000,5298380000,350050000,4064850000
2024-03-21 00:00:00,5241.52978515625,16401.83984375,39781.37109375,2098.56005859375,5241.52978515625,16401.83984375,39781.37109375,2098.56005859375,5261.10009765625,16538.859375,39889.05078125,2106.31005859375,5240.66015625,16393.900390625,39589.23046875,2087.85009765625,5253.43017578125,16517.240234375,39661.03125,2087.85009765625,4207730000,5134740000,408990000,4207730000
2024-03-22 00:00:00,5234.18017578125,16428.8203125,39475.8984375,2072.0,5234.18017578125,16428.8203125,39475.8984375,2072.0,5246.08984375,16467.619140625,39824.76171875,2099.110107421875,5229.8701171875,16361.0,39469.53125,2071.7900390625,5242.47998046875,16387.830078125,39774.05859375,2098.030029296875,3374700000,4339930000,332340000,3374700000
2024-03-25 00:00:00,5218.18994140625,16384.470703125,39313.640625,2074.159912109375,5218.18994140625,16384.470703125,39313.640625,2074.159912109375,5229.08984375,16441.169921875,39430.171875,2088.47998046875,5216.08984375,16315.7197265625,39296.03125,2074.159912109375,5219.52001953125,16335.2998046875,39410.5390625,2075.06005859375,3331360000,4636940000,323670000,3331360000
2024-03-26 00:00:00,5203.580078125,16315.7001953125,39282.328125,2070.159912109375,5203.580078125,16315.7001953125,39282.328125,2070.159912109375,5235.16015625,16476.380859375,39439.44140625,2093.52001953125,5203.419921875,16312.9501953125,39277.19140625,2070.0,5228.85009765625,16446.849609375,39338.3203125,2083.43994140625,3871790000,5144260000,306940000,3871790000
2024-03-27 00:00:00,5248.490234375,16399.51953125,39760.078125,2114.35009765625,5248.490234375,16399.51953125,39760.078125,2114.35009765625,5249.259765625,16431.8203125,39769.41015625,2114.64990234375,5213.919921875,16279.169921875,39461.98046875,2079.699951171875,5226.31005859375,16424.759765625,39461.98046875,2079.699951171875,3850500000,4768930000,332190000,3850500000
2024-03-28 00:00:00,5254.35009765625,16379.4599609375,39807.37109375,2124.550048828125,5254.35009765625,16379.4599609375,39807.37109375,2124.550048828125,5264.85009765625,16420.919921875,39868.58984375,2135.4599609375,5245.81982421875,16347.3798828125,39717.25,2115.77001953125,5248.02978515625,16377.23046875,39763.73828125,2115.77001953125,3998270000,5174450000,360970000,3998270000
2024-04-01 00:00:00,5243.77001953125,16396.830078125,39566.8515625,2102.840087890625,5243.77001953125,16396.830078125,39566.8515625,2102.840087890625,5263.9501953125,16490.650390625,39815.0,2126.06005859375,5229.2001953125,16327.8896484375,39491.21875,2100.139892578125,5257.97021484375,16397.05078125,39807.9296875,2125.909912109375,3325930000,4798390000,269470000,3325930000
2024-04-02 00:00:00,5205.81005859375,16240.4501953125,39170.23828125,2065.0400390625,5205.81005859375,16240.4501953125,39170.23828125,2065.0400390625,5208.33984375,16251.41015625,39256.26953125,2087.419921875,5184.0498046875,16137.240234375,39051.69921875,2054.340087890625,5204.2900390625,16199.240234375,39256.26953125,2087.419921875,3886590000,4710280000,319590000,3886590000
2024-04-03 00:00:00,5211.490234375,16277.4599609375,39127.140625,2076.199951171875,5211.490234375,16277.4599609375,39127.140625,2076.199951171875,5228.75,16340.740234375,39305.76171875,2080.39990234375,5194.3701171875,16169.3095703125,39017.12890625,2052.10009765625,5194.3701171875,16178.7998046875,39139.58984375,2056.68994140625,3703250000,5151500000,364180000,3703250000
2024-04-04 00:00:00,5147.2099609375,16049.080078125,38596.98046875,2053.830078125,5147.2099609375,16049.080078125,38596.98046875,2053.830078125,5256.58984375,16468.0390625,39421.3515625,2101.469970703125,5146.06005859375,16046.5595703125,38559.421875,2051.320068359375,5244.0498046875,16418.5703125,39343.6015625,2089.070068359375,4075680000,5368700000,356510000,4075680000
2024-04-05 00:00:00,5204.33984375,16248.51953125,38904.0390625,2063.469970703125,5204.33984375,16248.51953125,38904.0390625,2063.469970703125,5222.18017578125,16326.5,39040.171875,2073.320068359375,5157.2099609375,16080.48046875,38602.1796875,2048.25,5158.9501953125,16095.400390625,38664.98046875,2051.8798828125,3386780000,4578130000,317110000,3386780000
2024-04-08 00:00:00,5202.39013671875,16253.9599609375,38892.80078125,2073.7099609375,5202.39013671875,16253.9599609375,38892.80078125,2073.7099609375,5219.56982421875,16323.599609375,39013.19921875,2079.030029296875,5197.35009765625,16220.7197265625,38857.69921875,2066.1201171875,5211.3701171875,16285.1796875,38916.421875,2074.68994140625,3278180000,4386700000,291460000,3278180000
2024-04-09 00:00:00,5209.91015625,16306.6396484375,38883.671875,2080.800048828125,5209.91015625,16306.6396484375,38883.671875,2080.800048828125,5224.81005859375,16348.1796875,38992.890625,2084.06005859375,5160.77978515625,16141.150390625,38572.08984375,2065.1298828125,5217.02978515625,16328.759765625,38983.66015625,2079.35009765625,3400680000,4869190000,328700000,3400680000
2024-04-10 00:00:00,5160.64013671875,16170.3603515625,38461.51171875,2028.3900146484375,5160.64013671875,16170.3603515625,38461.51171875,2028.3900146484375,5178.43017578125,16200.099609375,38662.28125,2044.27001953125,5138.7001953125,16092.01953125,38304.66015625,2016.550048828125,5167.8798828125,16104.009765625,38662.28125,2043.219970703125,3845930000,5308250000,317580000,3845930000
2024-04-11 00:00:00,5199.06005859375,16442.19921875,38459.078125,2042.5999755859375,5199.06005859375,16442.19921875,38459.078125,2042.5999755859375,5211.77978515625,16464.599609375,38598.98046875,2045.0400390625,5138.77001953125,16154.650390625,38197.28125,2021.5,5172.9501953125,16236.2001953125,38523.26171875,2036.22998046875,3509380000,4714750000,356640000,3509380000
2024-04-12 00:00:00,5123.41015625,16175.08984375,37983.23828125,2003.1700439453125,5123.41015625,16175.08984375,37983.23828125,2003.1700439453125,5175.02978515625,16341.4599609375,38319.140625,2032.93994140625,5107.93994140625,16125.330078125,37877.30078125,1994.8299560546875,5171.509765625,16293.0302734375,38319.140625,2031.0799560546875,3963220000,4552740000,440910000,3963220000
2024-04-15 00:00:00,5061.81982421875,15885.01953125,37735.109375,1975.7099609375,5061.81982421875,15885.01953125,37735.109375,1975.7099609375,5168.43017578125,16295.26953125,38386.80859375,2016.6600341796875,5052.47021484375,15863.8798828125,37657.7890625,1968.1099853515625,5149.669921875,16276.4697265625,38075.37890625,2010.9100341796875,3950210000,4910550000,389170000,3950210000
2024-04-16 00:00:00,5051.41015625,15865.25,37798.96875,1967.47998046875,5051.41015625,15865.25,37798.96875,1967.47998046875,5079.83984375,15965.7900390625,37992.21875,1976.2099609375,5039.830078125,15822.01953125,37713.69921875,1953.010009765625,5064.58984375,15856.3798828125,37992.21875,1965.8499755859375,4006200000,5001860000,339480000,4006200000
2024-04-17 00:00:00,5022.2099609375,15683.3701171875,37753.30859375,1947.949951171875,5022.2099609375,15683.3701171875,37753.30859375,1947.949951171875,5077.9599609375,15957.0302734375,38036.69921875,1982.8399658203125,5007.25,15654.509765625,37611.55859375,1947.75,5068.97021484375,15942.2900390625,37949.671875,1977.2900390625,3596130000,4991470000,314650000,3596130000
2024-04-18 00:00:00,5011.1201171875,15601.5,37775.37890625,1942.9599609375,5011.1201171875,15601.5,37775.37890625,1942.9599609375,5056.66015625,15786.1201171875,38083.76171875,1971.3900146484375,5001.89013671875,15587.5,37681.51953125,1941.3199462890625,5031.52001953125,15705.6904296875,37847.2109375,1951.239990234375,3619760000,4932540000,300230000,3619760000
2024-04-19 00:00:00,4967.22998046875,15282.009765625,37986.3984375,1947.6600341796875,4967.22998046875,15282.009765625,37986.3984375,1947.6600341796875,5019.02001953125,15576.7001953125,38102.5703125,1956.300048828125,4953.56005859375,15222.7802734375,37781.609375,1931.5400390625,5005.43994140625,15547.099609375,37801.98046875,1935.77001953125,3878750000,5316010000,420460000,3878750000
2024-04-22 00:00:00,5010.60009765625,15451.3095703125,38239.98046875,1967.469970703125,5010.60009765625,15451.3095703125,38239.98046875,1967.469970703125,5038.83984375,15539.0,38447.16015625,1978.4300537109375,4969.39990234375,15265.66015625,37985.0703125,1947.8499755859375,4987.330078125,15396.1298828125,38116.890625,1953.239990234375,3820250000,4616730000,351650000,3820250000
2024-04-23 00:00:00,5070.5498046875,15696.6396484375,38503.69140625,2002.6400146484375,5070.5498046875,15696.6396484375,38503.69140625,2002.6400146484375,5076.1201171875,15730.349609375,38561.5,2010.47998046875,5027.9599609375,15510.58984375,38297.71875,1969.6400146484375,5028.85009765625,15525.5498046875,38356.0703125,1969.739990234375,3751400000,4951670000,329420000,3751400000
2024-04-24 00:00:00,5071.6298828125,15712.75,38460.921875,1995.4300537109375,5071.6298828125,15712.75,38460.921875,1995.4300537109375,5089.47998046875,15839.0,38552.7890625,2006.1300048828125,5047.02001953125,15634.4404296875,38310.55078125,1983.6199951171875,5084.85986328125,15805.599609375,38552.7890625,2000.449951171875,3656740000,4735870000,337230000,3656740000
2024-04-25 00:00:00,5048.419921875,15611.759765625,38085.80078125,1981.1199951171875,5048.419921875,15611.759765625,38085.80078125,1981.1199951171875,5057.75,15644.509765625,38157.21875,1984.489990234375,4990.580078125,15343.91015625,37754.37890625,1957.8199462890625,5019.8798828125,15375.259765625,38052.08984375,1980.530029296875,3958050000,4743640000,408170000,3958050000
2024-04-26 00:00:00,5099.9599609375,15927.900390625,38239.66015625,2002.0,5099.9599609375,15927.900390625,38239.66015625,2002.0,5114.6201171875,15981.0,38337.640625,2005.010009765625,5073.14013671875,15770.7197265625,38065.05078125,1984.4200439453125,5084.64990234375,15821.33984375,38114.69921875,1984.530029296875,3604140000,4694400000,398680000,3604140000
2024-04-29 00:00:00,5116.169921875,15983.080078125,38386.08984375,2016.030029296875,5116.169921875,15983.080078125,38386.08984375,2016.030029296875,5123.490234375,16021.490234375,38406.19921875,2020.6300048828125,5088.64990234375,15885.8896484375,38215.46875,2005.0999755859375,5114.1298828125,16007.0,38282.16015625,2005.0999755859375,3447450000,4972520000,343630000,3447450000
2024-04-30 00:00:00,5035.68994140625,15657.8203125,37815.921875,1973.9100341796875,5035.68994140625,15657.8203125,37815.921875,1973.9100341796875,5110.830078125,15979.3603515625,38337.3984375,2003.4100341796875,5035.31005859375,15655.669921875,37810.12109375,1973.8499755859375,5103.77978515625,15920.8896484375,38337.3984375,2001.7099609375,4082470000,5229400000,448480000,4082470000
2024-05-01 00:00:00,5018.39013671875,15605.48046875,37903.2890625,1980.22998046875,5018.39013671875,15605.48046875,37903.2890625,1980.22998046875,5096.1201171875,15926.2197265625,38349.19921875,2017.699951171875,5013.4501953125,15557.6396484375,37780.5390625,1968.030029296875,5029.02978515625,15646.08984375,37845.55859375,1973.3699951171875,4544170000,5277790000,413540000,4544170000
2024-05-02 00:00:00,5064.2001953125,15840.9599609375,38225.66015625,2016.1099853515625,5064.2001953125,15840.9599609375,38225.66015625,2016.1099853515625,5073.2099609375,15862.7900390625,38295.2890625,2016.5,5011.0498046875,15604.73046875,37895.66015625,1984.6800537109375,5049.31982421875,15758.1103515625,38075.6484375,1998.3199462890625,4381660000,4901610000,355910000,4381660000
2024-05-03 00:00:00,5127.7900390625,16156.330078125,38675.6796875,2035.719970703125,5127.7900390625,16156.330078125,38675.6796875,2035.719970703125,5139.1201171875,16204.7099609375,38808.51953125,2054.85009765625,5101.22021484375,16068.33984375,38518.28125,2030.8199462890625,5122.77978515625,16147.48046875,38709.359375,2044.219970703125,3924990000,4887310000,410530000,3924990000
2024-05-06 00:00:00,5180.740234375,16349.25,38852.26953125,2060.669921875,5180.740234375,16349.25,38852.26953125,2060.669921875,5181.0,16350.080078125,38886.46875,2064.2900390625,5142.419921875,16197.8603515625,38689.37890625,2048.510009765625,5142.419921875,16208.5400390625,38762.4296875,2048.510009765625,3683250000,4460130000,315550000,3683250000
2024-05-07 00:00:00,5187.7001953125,16332.5595703125,38884.26171875,2064.64990234375,5187.7001953125,16332.5595703125,38884.26171875,2064.64990234375,5200.22998046875,16397.390625,38977.609375,2077.81005859375,5178.9599609375,16303.83984375,38840.3984375,2062.159912109375,5187.2001953125,16358.33984375,38858.94140625,2062.159912109375,3987890000,5041870000,360930000,3987890000
2024-05-08 00:00:00,5187.669921875,16302.759765625,39056.390625,2055.139892578125,5187.669921875,16302.759765625,39056.390625,2055.139892578125,5191.9501953125,16341.650390625,39094.73828125,2055.639892578125,5165.85986328125,16226.0703125,38814.98828125,2043.8499755859375,5168.97998046875,16226.0703125,38818.8984375,2050.780029296875,3842100000,4530190000,292340000,3842100000
2024-05-09 00:00:00,5214.080078125,16346.259765625,39387.76171875,2073.6298828125,5214.080078125,16346.259765625,39387.76171875,2073.6298828125,5215.2998046875,16362.7900390625,39413.66015625,2075.3701171875,5180.41015625,16241.98046875,38988.8515625,2053.050048828125,5189.02978515625,16323.740234375,39064.26953125,2056.97998046875,3727370000,4505120000,303270000,3727370000
2024-05-10 00:00:00,5222.68017578125,16340.8701171875,39512.83984375,2059.780029296875,5222.68017578125,16340.8701171875,39512.83984375,2059.780029296875,5239.66015625,16437.390625,39579.87890625,2082.0400390625,5209.68017578125,16293.51953125,39406.26171875,2054.8701171875,5225.490234375,16389.01953125,39466.51953125,2079.949951171875,3617900000,4402110000,289480000,3617900000
2024-05-13 00:00:00,5221.419921875,16388.240234375,39431.51171875,2062.1201171875,5221.419921875,16388.240234375,39431.51171875,2062.1201171875,5237.259765625,16407.05078125,39647.390625,2081.449951171875,5211.16015625,16334.8603515625,39403.05078125,2062.1201171875,5233.080078125,16400.310546875,39591.28125,2072.139892578125,4255710000,4452750000,323370000,4255710000
2024-05-14 00:00:00,5246.68017578125,16511.1796875,39558.109375,2085.68994140625,5246.68017578125,16511.1796875,39558.109375,2085.68994140625,5250.3701171875,16526.26953125,39616.41015625,2088.360107421875,5217.97998046875,16386.4296875,39371.921875,2076.030029296875,5221.10009765625,16391.16015625,39466.76171875,2078.739990234375,4763580000,7270240000,320860000,4763580000
2024-05-15 00:00:00,5308.14990234375,16742.390625,39908.0,2109.4599609375,5308.14990234375,16742.390625,39908.0,2109.4599609375,5311.759765625,16749.740234375,39935.0390625,2112.320068359375,5263.259765625,16544.08984375,39615.1015625,2095.429931640625,5263.259765625,16601.140625,39615.1015625,2105.419921875,4360810000,8538990000,411190000,4360810000
2024-05-16 00:00:00,5297.10009765625,16698.3203125,39869.37890625,2096.25,5297.10009765625,16698.3203125,39869.37890625,2096.25,5325.490234375,16797.830078125,40051.05078125,2107.360107421875,5296.18994140625,16693.44921875,39864.6796875,2095.820068359375,5310.06982421875,16738.109375,39912.33984375,2107.090087890625,3817470000,11932600000,400560000,3817470000
2024-05-17 00:00:00,5303.27001953125,16685.970703125,40003.58984375,2095.719970703125,5303.27001953125,16685.970703125,40003.58984375,2095.719970703125,5305.4501953125,16726.41015625,40010.87890625,2104.1298828125,5283.58984375,16613.83984375,39858.859375,2090.43994140625,5303.10009765625,16708.490234375,39911.71875,2103.669921875,3578120000,9587280000,300260000,3578120000
2024-05-20 00:00:00,5308.1298828125,16794.869140625,39806.76953125,2102.5,5308.1298828125,16794.869140625,39806.76953125,2102.5,5325.31982421875,16823.830078125,40077.3984375,2109.699951171875,5302.39990234375,16695.689453125,39787.08984375,2095.0,5305.35009765625,16702.01953125,39989.76171875,2096.489990234375,3420100000,6861320000,272420000,3420100000
2024-05-21 00:00:00,5321.41015625,16832.619140625,39872.98828125,2098.360107421875,5321.41015625,16832.619140625,39872.98828125,2098.360107421875,5324.31982421875,16839.01953125,39905.80078125,2101.60009765625,5297.8701171875,16719.970703125,39778.73046875,2094.02001953125,5298.68994140625,16736.099609375,39804.3984375,2097.469970703125,3662240000,6245090000,314120000,3662240000
2024-05-22 00:00:00,5307.009765625,16801.5390625,39671.0390625,2081.7099609375,5307.009765625,16801.5390625,39671.0390625,2081.7099609375,5323.18017578125,16855.26953125,39890.91015625,2096.889892578125,5286.009765625,16712.08984375,39559.08984375,2075.780029296875,5319.27978515625,16839.01953125,39863.328125,2093.72998046875,3847130000,7277340000,258430000,3847130000
2024-05-23 00:00:00,5267.83984375,16736.029296875,39065.26171875,2048.409912109375,5267.83984375,16736.029296875,39065.26171875,2048.409912109375,5341.8798828125,16996.390625,39694.94921875,2090.389892578125,5256.93017578125,16678.369140625,39025.51171875,2040.6800537109375,5340.259765625,16996.390625,39694.94921875,2089.52001953125,3869520000,7752800000,335640000,3869520000
2024-05-24 00:00:00,5304.72021484375,16920.7890625,39069.58984375,2069.669921875,5304.72021484375,16920.7890625,39069.58984375,2069.669921875,5311.64990234375,16947.80078125,39220.30859375,2070.22998046875,5278.39013671875,16771.580078125,39020.2890625,2056.35009765625,5281.4501953125,16786.7890625,39089.23046875,2061.0,3005510000,5836040000,249810000,3005510000
2024-05-28 00:00:00,5306.0400390625,17019.880859375,38852.859375,2066.85009765625,5306.0400390625,17019.880859375,38852.859375,2066.85009765625,5315.91015625,17032.66015625,39028.98828125,2086.280029296875,5280.89013671875,16917.509765625,38706.140625,2057.68994140625,5315.91015625,16988.310546875,39028.98828125,2075.719970703125,3751540000,6293380000,303340000,3751540000
2024-05-29 00:00:00,5266.9501953125,16920.580078125,38441.5390625,2036.18994140625,5266.9501953125,16920.580078125,38441.5390625,2036.18994140625,5282.27001953125,16989.599609375,38716.28125,2050.4599609375,5262.7001953125,16873.970703125,38413.671875,2036.1300048828125,5278.72998046875,16879.349609375,38716.28125,2050.4599609375,3552750000,6652480000,292280000,3552750000
2024-05-30 00:00:00,5235.47998046875,16737.080078125,38111.48046875,2056.60009765625,5235.47998046875,16737.080078125,38111.48046875,2056.60009765625,5260.2099609375,16900.4609375,38493.6015625,2063.18994140625,5222.10009765625,16690.359375,38000.9609375,2043.72998046875,5259.77001953125,16878.630859375,38368.3515625,2043.72998046875,3818750000,6659290000,360090000,3818750000
2024-05-31 00:00:00,5277.509765625,16735.01953125,38686.3203125,2070.1298828125,5277.509765625,16735.01953125,38686.3203125,2070.1298828125,5280.330078125,16789.26953125,38719.4296875,2073.669921875,5191.68017578125,16445.5390625,38092.26953125,2047.4000244140625,5243.2099609375,16771.900390625,38140.26171875,2061.22998046875,5437160000,6674090000,618200000,5437160000
2024-06-03 00:00:00,5283.39990234375,16828.669921875,38571.03125,2059.679931640625,5283.39990234375,16828.669921875,38571.03125,2059.679931640625,5302.10986328125,16909.890625,38735.609375,2088.14990234375,5234.31982421875,16646.4296875,38247.21875,2048.06005859375,5297.14990234375,16865.69921875,38709.98828125,2082.39990234375,4046920000,5422040000,314010000,4046920000
2024-06-04 00:00:00,5291.33984375,16857.05078125,38711.2890625,2033.93994140625,5291.33984375,16857.05078125,38711.2890625,2033.93994140625,5298.7998046875,16891.869140625,38786.62109375,2050.389892578125,5257.6298828125,16750.390625,38397.8203125,2032.1400146484375,5278.240234375,16823.880859375,38518.859375,2050.389892578125,3707900000,4917350000,304450000,3707900000
2024-06-05 00:00:00,5354.02978515625,17187.900390625,38807.328125,2063.8701171875,5354.02978515625,17187.900390625,38807.328125,2063.8701171875,5354.16015625,17187.919921875,38844.3203125,2063.8701171875,5297.64013671875,16955.560546875,38548.76953125,2036.3399658203125,5314.47998046875,16974.48046875,38774.8203125,2044.1500244140625,3591460000,5325000000,310970000,3591460000
2024-06-06 00:00:00,5352.9599609375,17173.119140625,38886.171875,2049.43994140625,5352.9599609375,17173.119140625,38886.171875,2049.43994140625,5362.35009765625,17235.73046875,39004.16015625,2060.449951171875,5335.35986328125,17123.58984375,38735.98828125,2046.530029296875,5357.7998046875,17204.869140625,38825.3984375,2058.47998046875,3609990000,4960580000,269000000,3609990000
2024-06-07 00:00:00,5346.990234375,17133.130859375,38798.98828125,2026.550048828125,5346.990234375,17133.130859375,38798.98828125,2026.550048828125,5375.080078125,17229.310546875,39105.23046875,2043.4599609375,5331.330078125,17090.0390625,38751.8515625,2023.1400146484375,5343.81005859375,17124.140625,38861.23828125,2035.1199951171875,3692760000,4755650000,265850000,3692760000
2024-06-10 00:00:00,5360.7900390625,17192.529296875,38868.0390625,2031.6099853515625,5360.7900390625,17192.529296875,38868.0390625,2031.6099853515625,5365.7900390625,17213.44921875,38877.859375,2033.6500244140625,5331.52001953125,17057.33984375,38665.44921875,2008.300048828125,5341.22021484375,17083.44921875,38784.8984375,2012.219970703125,3622280000,5207110000,330580000,3622280000
2024-06-11 00:00:00,5375.31982421875,17343.55078125,38747.421875,2024.3499755859375,5375.31982421875,17343.55078125,38747.421875,2024.3499755859375,5375.9501953125,17345.05078125,38795.7109375,2027.530029296875,5327.25,17107.990234375,38446.23828125,2006.0699462890625,5353.0,17160.419921875,38795.7109375,2019.1199951171875,3568030000,5009220000,383090000,3568030000
2024-06-12 00:00:00,5421.02978515625,17608.439453125,38712.2109375,2057.10009765625,5421.02978515625,17608.439453125,38712.2109375,2057.10009765625,5447.25,17725.390625,39120.26171875,2088.530029296875,5409.1298828125,17490.640625,38621.44921875,2052.169921875,5409.1298828125,17502.150390625,38950.6484375,2065.7900390625,3962840000,5560630000,472280000,3962840000
2024-06-13 00:00:00,5433.740234375,17667.560546875,38647.1015625,2038.9100341796875,5433.740234375,17667.560546875,38647.1015625,2038.9100341796875,5441.93017578125,17741.80078125,38712.2109375,2053.570068359375,5402.509765625,17566.3203125,38407.69921875,2025.6400146484375,5441.93017578125,17715.26953125,38677.12109375,2053.530029296875,3530380000,4916020000,341330000,3530380000
2024-06-14 00:00:00,5431.60009765625,17688.880859375,38589.16015625,2006.1600341796875,5431.60009765625,17688.880859375,38589.16015625,2006.1600341796875,5432.39013671875,17693.4296875,38595.23828125,2020.18994140625,5403.75,17590.80078125,38305.8515625,1999.02001953125,5424.080078125,17621.1796875,38528.390625,2020.18994140625,3438650000,4973820000,272200000,3438650000
2024-06-17 00:00:00,5473.22998046875,17857.01953125,38778.1015625,2022.010009765625,5473.22998046875,17857.01953125,38778.1015625,2022.010009765625,5488.5,17935.990234375,38839.87890625,2024.9100341796875,5420.39990234375,17636.359375,38431.94921875,1993.22998046875,5431.10986328125,17697.30078125,38565.1796875,2002.5699462890625,3447840000,6061200000,346190000,3447840000
2024-06-18 00:00:00,5487.02978515625,17862.23046875,38834.859375,2025.22998046875,5487.02978515625,17862.23046875,38834.859375,2025.22998046875,5490.3798828125,17890.51953125,38936.9296875,2033.550048828125,5471.31982421875,17796.880859375,38727.671875,2020.8199462890625,5476.14990234375,17856.759765625,38779.12109375,2022.0899658203125,3544330000,5796180000,324260000,3544330000
2024-06-20 00:00:00,5473.169921875,17721.58984375,39134.76171875,2017.3900146484375,5473.169921875,17721.58984375,39134.76171875,2017.3900146484375,5505.52978515625,17936.7890625,39232.5,2033.280029296875,5455.56005859375,17650.689453125,38778.4609375,2012.510009765625,5499.990234375,17913.939453125,38804.73046875,2021.9100341796875,3847060000,6289300000,397010000,3847060000
2024-06-21 00:00:00,5464.6201171875,17689.359375,39150.328125,2022.030029296875,5464.6201171875,17689.359375,39150.328125,2022.030029296875,5478.31005859375,17787.33984375,39257.1796875,2022.260009765625,5452.02978515625,17620.5703125,39061.671875,2006.8499755859375,5466.77001953125,17681.009765625,39208.51171875,2016.3499755859375,6773800000,8589160000,818670000,6773800000
2024-06-24 00:00:00,5447.8701171875,17496.8203125,39411.2109375,2030.81005859375,5447.8701171875,17496.8203125,39411.2109375,2030.81005859375,5490.66015625,17730.119140625,39571.23046875,2043.0999755859375,5447.58984375,17494.01953125,39184.48828125,2023.22998046875,5459.580078125,17640.259765625,39184.48828125,2023.22998046875,3696750000,5503210000,373940000,3696750000
2024-06-25 00:00:00,5469.2998046875,17717.650390625,39112.16015625,2022.3499755859375,5469.2998046875,17717.650390625,39112.16015625,2022.3499755859375,5472.8798828125,17734.33984375,39423.26171875,2029.6600341796875,5446.56005859375,17546.630859375,38997.23046875,2017.6500244140625,5460.72998046875,17572.16015625,39398.7890625,2029.6600341796875,3591960000,4848280000,339010000,3591960000
2024-06-26 00:00:00,5477.89990234375,17805.16015625,39127.80078125,2018.1199951171875,5477.89990234375,17805.16015625,39127.80078125,2018.1199951171875,5483.14013671875,17813.55078125,39183.73828125,2020.3900146484375,5451.8701171875,17687.0703125,38908.98828125,2010.3599853515625,5460.7099609375,17697.26953125,39063.1484375,2014.1800537109375,3563920000,5294310000,333100000,3563920000
2024-06-27 00:00:00,5482.8701171875,17858.6796875,39164.05859375,2038.3399658203125,5482.8701171875,17858.6796875,39164.05859375,2038.3399658203125,5490.81005859375,17892.779296875,39250.69140625,2038.469970703125,5467.5400390625,17765.419921875,39026.75,2020.25,5473.58984375,17793.94921875,39107.1015625,2020.949951171875,3589530000,5382060000,338010000,3589530000
2024-06-28 00:00:00,5460.47998046875,17732.599609375,39118.859375,2047.68994140625,5460.47998046875,17732.599609375,39118.859375,2047.68994140625,5523.64013671875,18035.0,39443.6015625,2057.280029296875,5451.1201171875,17723.830078125,38937.1484375,2033.699951171875,5488.47998046875,17891.099609375,39092.390625,2050.56005859375,7199220000,8960940000,679630000,7199220000
2024-07-01 00:00:00,5475.08984375,17879.30078125,39169.51953125,2030.0699462890625,5475.08984375,17879.30078125,39169.51953125,2030.0699462890625,5479.5498046875,17894.279296875,39438.359375,2053.35009765625,5446.52978515625,17657.640625,39037.94140625,2024.4100341796875,5471.080078125,17773.900390625,39186.19921875,2050.60009765625,3488760000,5189990000,346210000,3488760000
2024-07-02 00:00:00,5509.009765625,18028.759765625,39331.8515625,2033.8699951171875,5509.009765625,18028.759765625,39331.8515625,2033.8699951171875,5509.68994140625,18031.2890625,39340.48828125,2037.2099609375,5458.43017578125,17802.240234375,39085.69140625,2027.780029296875,5461.83984375,17808.0390625,39108.25,2031.0699462890625,3329950000,4526550000,317380000,3329950000
2024-07-03 00:00:00,5537.02001953125,18188.30078125,39308.0,2036.6199951171875,5537.02001953125,18188.30078125,39308.0,2036.6199951171875,5539.27001953125,18188.30078125,39411.171875,2049.39990234375,5507.419921875,18016.119140625,39230.859375,2035.56005859375,5507.43994140625,18016.119140625,39358.94921875,2038.4100341796875,2179470000,3713960000,202070000,2179470000
2024-07-05 00:00:00,5567.18994140625,18352.759765625,39375.87109375,2026.72998046875,5567.18994140625,18352.759765625,39375.87109375,2026.72998046875,5570.330078125,18366.310546875,39399.62109375,2032.510009765625,5531.6298828125,18197.140625,39168.69921875,2019.06005859375,5537.91015625,18200.599609375,39313.3984375,2031.8800048828125,3253080000,4851000000,325230000,3253080000
2024-07-08 00:00:00,5572.85009765625,18403.740234375,39344.7890625,2038.6700439453125,5572.85009765625,18403.740234375,39344.7890625,2038.6700439453125,5583.10986328125,18416.939453125,39654.9609375,2050.159912109375,5562.509765625,18342.599609375,39278.4296875,2036.550048828125,5572.75,18371.859375,39391.98046875,2038.3800048828125,3185670000,5286260000,358320000,3185670000
2024-07-09 00:00:00,5576.97998046875,18429.2890625,39291.96875,2029.469970703125,5576.97998046875,18429.2890625,39291.96875,2029.469970703125,5590.75,18511.890625,39492.28125,2039.969970703125,5574.56982421875,18381.599609375,39146.6015625,2023.9200439453125,5584.240234375,18465.01953125,39357.37109375,2035.760009765625,3232920000,4839140000,361410000,3232920000
2024-07-10 00:00:00,5633.91015625,18647.44921875,39721.359375,2051.75,5633.91015625,18647.44921875,39721.359375,2051.75,5635.39013671875,18655.189453125,39736.19921875,2051.75,5586.43994140625,18467.580078125,39256.71875,2032.1800537109375,5591.259765625,18512.08984375,39272.44921875,2037.0799560546875,3336100000,5228240000,334180000,3336100000
2024-07-11 00:00:00,5584.5400390625,18283.41015625,39753.75,2125.0400390625,5584.5400390625,18283.41015625,39753.75,2125.0400390625,5642.4501953125,18671.0703125,39875.6015625,2128.550048828125,5576.52978515625,18238.779296875,39623.12109375,2081.699951171875,5635.2099609375,18659.25,39695.1796875,2081.699951171875,4020950000,6366620000,361530000,4020950000
2024-07-12 00:00:00,5615.35009765625,18398.44921875,40000.8984375,2148.27001953125,5615.35009765625,18398.44921875,40000.8984375,2148.27001953125,5655.56005859375,18556.73046875,40257.23828125,2163.60009765625,5590.43994140625,18293.599609375,39783.28125,2139.22998046875,5590.759765625,18303.640625,39783.28125,2139.22998046875,3700280000,5845930000,325780000,3700280000
2024-07-15 00:00:00,5631.22021484375,18472.5703125,40211.71875,2187.02001953125,5631.22021484375,18472.5703125,40211.71875,2187.02001953125,5666.93994140625,18641.529296875,40351.1015625,2198.489990234375,5614.75,18397.830078125,40136.1015625,2160.5,5638.16015625,18485.91015625,40138.3984375,2162.0,3620470000,5450350000,308880000,3620470000
2024-07-16 00:00:00,5667.2001953125,18509.33984375,40954.48046875,2263.669921875,5667.2001953125,18509.33984375,40954.48046875,2263.669921875,5669.669921875,18576.830078125,40988.80859375,2265.2099609375,5639.02001953125,18386.0703125,40263.78125,2198.429931640625,5644.08984375,18534.26953125,40263.78125,2198.429931640625,4041760000,5812930000,306390000,4041760000
2024-07-17 00:00:00,5588.27001953125,17996.919921875,41198.078125,2239.669921875,5588.27001953125,17996.919921875,41198.078125,2239.669921875,5622.490234375,18223.240234375,41221.98046875,2278.1298828125,5584.81005859375,17972.869140625,40849.7109375,2236.25,5610.06982421875,18188.189453125,40862.5703125,2246.43994140625,4246450000,6007280000,433450000,4246450000
2024-07-18 00:00:00,5544.58984375,17871.220703125,40665.01953125,2198.2900390625,5544.58984375,17871.220703125,40665.01953125,2198.2900390625,5614.0498046875,18130.869140625,41376.0,2261.159912109375,5522.81005859375,17759.5390625,40597.5,2189.6298828125,5608.56005859375,18119.150390625,41156.55859375,2233.969970703125,4007510000,5977260000,393450000,4007510000
2024-07-19 00:00:00,5505.0,17726.939453125,40287.53125,2184.35009765625,5505.0,17726.939453125,40287.53125,2184.35009765625,5557.5,17935.140625,40626.16015625,2261.159912109375,5497.0400390625,17691.4296875,40203.26953125,2179.949951171875,5543.3701171875,17835.58984375,40592.3515625,2233.969970703125,3760570000,4992930000,348530000,3760570000
2024-07-22 00:00:00,5564.41015625,18007.5703125,40415.44140625,2220.64990234375,5564.41015625,18007.5703125,40415.44140625,2220.64990234375,5570.35986328125,18040.990234375,40472.53125,2223.090087890625,5529.0400390625,17839.759765625,40222.76953125,2176.47998046875,5544.5400390625,17923.650390625,40414.48828125,2191.22998046875,3375180000,5093620000,351670000,3375180000
2024-07-23 00:00:00,5555.740234375,17997.349609375,40358.08984375,2243.27001953125,5555.740234375,17997.349609375,40358.08984375,2243.27001953125,5585.33984375,18128.380859375,40527.890625,2253.929931640625,5550.89990234375,17968.099609375,40319.69921875,2208.409912109375,5565.2998046875,17982.740234375,40443.73046875,2210.64990234375,3500210000,4938000000,287390000,3500210000
2024-07-24 00:00:00,5427.1298828125,17342.41015625,39853.87109375,2195.3701171875,5427.1298828125,17342.41015625,39853.87109375,2195.3701171875,5508.0400390625,17747.060546875,40258.44140625,2246.85009765625,5419.97998046875,17313.51953125,39807.44921875,2195.3701171875,5505.83984375,17733.91015625,40210.62890625,2232.840087890625,3945550000,6735560000,394210000,3945550000
2024-07-25 00:00:00,5399.22021484375,17181.720703125,39935.0703125,2222.97998046875,5399.22021484375,17181.720703125,39935.0703125,2222.97998046875,5491.58984375,17544.4609375,40438.8203125,2255.7099609375,5390.9501953125,17033.9609375,39817.5,2199.6201171875,5428.7001953125,17352.640625,39828.62890625,2201.669921875,4592120000,6114350000,375790000,4592120000
2024-07-26 00:00:00,5459.10009765625,17357.880859375,40589.33984375,2260.070068359375,5459.10009765625,17357.880859375,40589.33984375,2260.070068359375,5488.31982421875,17454.5703125,40753.828125,2267.909912109375,5430.7001953125,17239.990234375,40140.859375,2238.669921875,5433.669921875,17331.94921875,40140.859375,2247.820068359375,3638770000,5281560000,332070000,3638770000
2024-07-29 00:00:00,5463.5400390625,17370.19921875,40539.9296875,2235.330078125,5463.5400390625,17370.19921875,40539.9296875,2235.330078125,5487.740234375,17535.3203125,40682.48828125,2269.159912109375,5444.43994140625,17299.830078125,40388.828125,2228.169921875,5476.5498046875,17444.390625,40665.7109375,2265.610107421875,3379970000,4897230000,272200000,3379970000
2024-07-30 00:00:00,5436.43994140625,17147.419921875,40743.328125,2243.139892578125,5436.43994140625,17147.419921875,40743.328125,2243.139892578125,5489.4599609375,17468.560546875,40866.25,2255.860107421875,5401.7001953125,17015.380859375,40529.1015625,2231.02001953125,5478.72998046875,17424.099609375,40622.12890625,2242.43994140625,3777740000,5564310000,350910000,3777740000
2024-07-31 00:00:00,5522.2998046875,17599.400390625,40842.7890625,2254.47998046875,5522.2998046875,17599.400390625,40842.7890625,2254.47998046875,5551.509765625,17693.98046875,41198.62890625,2300.0,5493.75,17438.599609375,40655.890625,2242.77001953125,5505.58984375,17499.23046875,40768.87890625,2253.570068359375,4546910000,6292560000,420090000,4546910000
2024-08-01 00:00:00,5446.68017578125,17194.150390625,40347.96875,2186.159912109375,5446.68017578125,17194.150390625,40347.96875,2186.159912109375,5566.16015625,17791.580078125,41096.66015625,2262.72998046875,5410.419921875,17051.419921875,40098.5703125,2171.050048828125,5537.83984375,17647.029296875,40916.9609375,2253.5,4703620000,6664550000,472030000,4703620000
2024-08-02 00:00:00,5346.56005859375,16776.16015625,39737.26171875,2109.31005859375,5346.56005859375,16776.16015625,39737.26171875,2109.31005859375,5383.89013671875,16920.630859375,40075.328125,2127.25,5302.02978515625,16582.7890625,39358.6796875,2090.840087890625,5376.6298828125,16780.44921875,40075.328125,2127.25,5156450000,6313870000,827820000,5156450000
2024-08-05 00:00:00,5186.330078125,16200.080078125,38703.26953125,2039.1600341796875,5186.330078125,16200.080078125,38703.26953125,2039.1600341796875,5250.89013671875,16453.4609375,39056.19140625,2061.739990234375,5119.259765625,15708.5400390625,38499.26953125,1993.27001953125,5151.14013671875,15712.5302734375,39056.19140625,2021.8599853515625,5333250000,6852190000,661280000,5333250000
2024-08-06 00:00:00,5240.02978515625,16366.849609375,38997.66015625,2064.300048828125,5240.02978515625,16366.849609375,38997.66015625,2064.300048828125,5312.33984375,16620.310546875,39449.53125,2087.0400390625,5193.56005859375,16137.650390625,38638.30078125,2035.52001953125,5206.419921875,16261.3603515625,38736.21875,2045.199951171875,4690190000,5908930000,462650000,4690190000
2024-08-07 00:00:00,5199.5,16195.8095703125,38763.44921875,2035.1099853515625,5199.5,16195.8095703125,38763.44921875,2035.1099853515625,5330.64013671875,16709.810546875,39477.9609375,2094.800048828125,5195.5400390625,16179.5302734375,38731.51171875,2033.9599609375,5293.1298828125,16622.310546875,39230.08984375,2088.110107421875,4558260000,5913620000,428250000,4558260000
2024-08-08 00:00:00,5319.31005859375,16660.01953125,39446.48828125,2084.419921875,5319.31005859375,16660.01953125,39446.48828125,2084.419921875,5328.02978515625,16694.25,39508.3984375,2084.889892578125,5233.85009765625,16262.9296875,38922.7890625,2054.570068359375,5252.56982421875,16408.26953125,38940.37890625,2056.89990234375,4016830000,5815880000,376440000,4016830000
2024-08-09 00:00:00,5344.16015625,16745.30078125,39497.5390625,2080.919921875,5344.16015625,16745.30078125,39497.5390625,2080.919921875,5358.669921875,16789.220703125,39628.66015625,2086.760009765625,5300.83984375,16574.5703125,39230.4296875,2068.919921875,5314.66015625,16636.51953125,39408.05859375,2085.5,3516400000,5783410000,316320000,3516400000
2024-08-12 00:00:00,5344.39013671875,16780.609375,39357.01171875,2062.080078125,5344.39013671875,16780.609375,39357.01171875,2062.080078125,5371.2001953125,16895.7890625,39587.05859375,2085.030029296875,5324.3701171875,16699.390625,39251.71875,2058.1201171875,5351.8798828125,16793.640625,39556.01171875,2083.050048828125,3360160000,4890850000,312380000,3360160000
2024-08-13 00:00:00,5434.43017578125,17187.609375,39765.640625,2095.18994140625,5434.43017578125,17187.609375,39765.640625,2095.18994140625,5436.5,17192.7890625,39792.80078125,2098.699951171875,5376.97998046875,16943.94921875,39392.41015625,2068.9599609375,5376.97998046875,16944.740234375,39445.26953125,2073.77001953125,3648980000,5469160000,365560000,3648980000
2024-08-14 00:00:00,5455.2099609375,17192.599609375,40008.390625,2084.320068359375,5455.2099609375,17192.599609375,40008.390625,2084.320068359375,5463.22021484375,17260.73046875,40068.75,2104.7099609375,5415.91015625,17032.169921875,39737.19921875,2077.27001953125,5442.35986328125,17227.640625,39800.58984375,2103.840087890625,3380050000,4985480000,317800000,3380050000
2024-08-15 00:00:00,5543.22021484375,17594.5,40563.05859375,2135.469970703125,5543.22021484375,17594.5,40563.05859375,2135.469970703125,5546.22998046875,17602.720703125,40590.51171875,2145.260009765625,5501.1298828125,17375.41015625,40295.73828125,2117.56005859375,5501.1298828125,17394.5390625,40295.73828125,2117.56005859375,3723310000,5478170000,446850000,3723310000
2024-08-16 00:00:00,5554.25,17631.720703125,40659.76171875,2141.919921875,5554.25,17631.720703125,40659.76171875,2141.919921875,5561.97998046875,17674.650390625,40726.03125,2149.840087890625,5525.169921875,17502.830078125,40453.578125,2130.7099609375,5530.5,17516.400390625,40528.859375,2131.169921875,3357690000,5138150000,323210000,3357690000
2024-08-19 00:00:00,5608.25,17876.76953125,40896.53125,2167.5,5608.25,17876.76953125,40896.53125,2167.5,5608.2998046875,17877.439453125,40907.3203125,2167.510009765625,5550.740234375,17585.580078125,40670.828125,2143.97998046875,5557.22998046875,17649.740234375,40670.828125,2143.97998046875,3222050000,5564300000,283890000,3222050000
2024-08-20 00:00:00,5597.1201171875,17816.939453125,40834.96875,2142.18994140625,5597.1201171875,17816.939453125,40834.96875,2142.18994140625,5620.509765625,17932.529296875,40909.37890625,2165.35009765625,5585.5,17758.19921875,40756.6484375,2138.14990234375,5602.8798828125,17849.08984375,40874.51953125,2164.56005859375,2994420000,5305260000,299380000,2994420000
2024-08-21 00:00:00,5620.85009765625,17918.990234375,40890.48828125,2170.56005859375,5620.85009765625,17918.990234375,40890.48828125,2170.56005859375,5632.68017578125,17963.0703125,40974.3984375,2171.27001953125,5591.56982421875,17790.98046875,40738.4296875,2146.610107421875,5603.08984375,17840.509765625,40881.03125,2146.610107421875,3119670000,4765150000,281460000,3119670000
2024-08-22 00:00:00,5570.64013671875,17619.349609375,40712.78125,2150.030029296875,5570.64013671875,17619.349609375,40712.78125,2150.030029296875,5643.22021484375,18017.689453125,41026.640625,2174.8798828125,5560.9501953125,17589.150390625,40584.46875,2147.8701171875,5637.77001953125,17993.720703125,40932.23046875,2170.72998046875,2981530000,5065360000,310470000,2981530000
2024-08-23 00:00:00,5634.60986328125,17877.7890625,41175.078125,2218.699951171875,5634.60986328125,17877.7890625,41175.078125,2218.699951171875,5641.81982421875,17941.26953125,41207.921875,2222.75,5585.16015625,17700.26953125,40842.9609375,2159.97998046875,5602.490234375,17772.73046875,40879.12109375,2159.97998046875,3291940000,5380810000,300080000,3291940000
2024-08-26 00:00:00,5616.83984375,17725.76953125,41240.51953125,2217.919921875,5616.83984375,17725.76953125,41240.51953125,2217.919921875,5651.6201171875,17909.08984375,41420.05078125,2237.68994140625,5602.33984375,17645.689453125,41140.23046875,2216.93994140625,5639.66015625,17867.849609375,41200.83984375,2230.2099609375,2938570000,5110940000,249300000,2938570000
2024-08-27 00:00:00,5625.7998046875,17754.8203125,41250.5,2203.0,5625.7998046875,17754.8203125,41250.5,2203.0,5631.18017578125,17789.720703125,41271.75,2210.8798828125,5593.47998046875,17573.369140625,41109.421875,2195.070068359375,5602.89013671875,17655.51953125,41186.28125,2210.8798828125,2798990000,4362380000,256160000,2798990000
2024-08-28 00:00:00,5592.18017578125,17556.029296875,41091.421875,2188.639892578125,5592.18017578125,17556.029296875,41091.421875,2188.639892578125,5627.02978515625,17759.939453125,41351.109375,2202.97998046875,5560.9501953125,17439.400390625,40842.2890625,2180.159912109375,5624.509765625,17738.80078125,41250.171875,2198.050048828125,3053450000,5211920000,272170000,3053450000
2024-08-29 00:00:00,5591.9599609375,17516.4296875,41335.05078125,2202.97998046875,5591.9599609375,17516.4296875,41335.05078125,2202.97998046875,5646.9501953125,17789.2109375,41577.96875,2223.010009765625,5583.7099609375,17482.599609375,41086.80859375,2192.429931640625,5607.2998046875,17610.5703125,41345.5,2199.110107421875,3065640000,5727780000,309820000,3065640000
2024-08-30 00:00:00,5648.39990234375,17713.619140625,41563.078125,2217.6298828125,5648.39990234375,17713.619140625,41563.078125,2217.6298828125,5651.3701171875,17720.380859375,41585.2109375,2218.050048828125,5581.7900390625,17498.7890625,41145.8515625,2192.409912109375,5612.740234375,17650.490234375,41366.16015625,2208.699951171875,4185850000,5531150000,494900000,4185850000
2024-09-03 00:00:00,5528.93017578125,17136.30078125,40936.9296875,2149.2099609375,5528.93017578125,17136.30078125,40936.9296875,2149.2099609375,5623.89013671875,17585.44921875,41489.671875,2206.409912109375,5504.330078125,17057.7890625,40778.08984375,2145.469970703125,5623.89013671875,17585.44921875,41489.671875,2206.409912109375,3866350000,5813970000,420530000,3866350000
2024-09-04 00:00:00,5520.06982421875,17084.30078125,40974.96875,2145.219970703125,5520.06982421875,17084.30078125,40974.96875,2145.219970703125,5552.990234375,17232.650390625,41172.58984375,2166.0400390625,5503.66015625,16984.669921875,40840.890625,2138.820068359375,5506.68017578125,17015.7109375,40872.05859375,2144.590087890625,3478140000,5011820000,359380000,3478140000
2024-09-05 00:00:00,5503.41015625,17127.66015625,40755.75,2132.050048828125,5503.41015625,17127.66015625,40755.75,2132.050048828125,5546.2998046875,17295.580078125,41084.78125,2150.68994140625,5480.5400390625,17035.0703125,40519.078125,2126.199951171875,5520.080078125,17063.240234375,41056.328125,2146.5400390625,3521650000,4983030000,331250000,3521650000
2024-09-06 00:00:00,5408.419921875,16690.830078125,40345.41015625,2091.409912109375,5408.419921875,16690.830078125,40345.41015625,2091.409912109375,5522.47021484375,17166.5390625,41009.390625,2139.659912109375,5402.6201171875,16668.5703125,40297.328125,2087.949951171875,5507.330078125,17137.619140625,40756.80859375,2133.159912109375,3822800000,5549030000,370440000,3822800000
2024-09-09 00:00:00,5471.0498046875,16884.599609375,40829.58984375,2097.780029296875,5471.0498046875,16884.599609375,40829.58984375,2097.780029296875,5484.2001953125,16923.279296875,41000.23828125,2115.080078125,5434.490234375,16732.83984375,40518.05859375,2093.090087890625,5442.06982421875,16835.669921875,40555.109375,2093.090087890625,3825940000,5132150000,376720000,3825940000
2024-09-10 00:00:00,5495.52001953125,17025.880859375,40736.9609375,2097.43994140625,5495.52001953125,17025.880859375,40736.9609375,2097.43994140625,5497.91015625,17036.0703125,40916.5,2101.85009765625,5441.72021484375,16801.130859375,40417.48046875,2072.889892578125,5490.509765625,16949.640625,40916.5,2099.8798828125,3848180000,4963740000,360950000,3848180000
2024-09-11 00:00:00,5554.1298828125,17395.529296875,40861.7109375,2103.85009765625,5554.1298828125,17395.529296875,40861.7109375,2103.85009765625,5560.41015625,17420.23046875,40903.6796875,2105.360107421875,5406.9599609375,16787.83984375,39993.0703125,2058.679931640625,5496.419921875,17061.41015625,40638.76171875,2090.860107421875,3839450000,6086930000,356040000,3839450000
2024-09-12 00:00:00,5595.759765625,17569.6796875,41096.76953125,2129.429931640625,5595.759765625,17569.6796875,41096.76953125,2129.429931640625,5600.7099609375,17605.720703125,41107.3515625,2138.5,5535.5,17338.3203125,40665.53125,2102.360107421875,5557.47998046875,17413.890625,40862.109375,2109.090087890625,3655070000,4983120000,289300000,3655070000
2024-09-13 00:00:00,5626.02001953125,17683.98046875,41393.78125,2182.489990234375,5626.02001953125,17683.98046875,41393.78125,2182.489990234375,5636.27001953125,17719.140625,41533.83984375,2183.5400390625,5601.64990234375,17564.609375,41128.69921875,2143.280029296875,5603.33984375,17575.259765625,41153.69921875,2143.280029296875,3500790000,4802880000,276800000,3500790000
2024-09-16 00:00:00,5633.08984375,17592.130859375,41622.078125,2189.169921875,5633.08984375,17592.130859375,41622.078125,2189.169921875,5636.0498046875,17618.400390625,41733.96875,2192.1201171875,5604.52978515625,17480.66015625,41435.171875,2178.39990234375,5615.2099609375,17573.69921875,41435.171875,2186.1298828125,3437070000,4675530000,408670000,3437070000
2024-09-17 00:00:00,5634.580078125,17628.060546875,41606.1796875,2205.47998046875,5634.580078125,17628.060546875,41606.1796875,2205.47998046875,5670.81005859375,17781.740234375,41835.28125,2229.0,5614.0498046875,17544.640625,41470.69140625,2199.169921875,5655.509765625,17707.01953125,41723.78125,2199.169921875,3443600000,4959520000,448610000,3443600000
2024-09-18 00:00:00,5618.259765625,17573.30078125,41503.1015625,2206.340087890625,5618.259765625,17573.30078125,41503.1015625,2206.340087890625,5689.75,17832.69921875,41981.96875,2259.25,5615.080078125,17556.4296875,41449.0,2197.85009765625,5641.68017578125,17663.380859375,41628.91015625,2206.510009765625,3691390000,5611630000,383600000,3691390000
2024-09-19 00:00:00,5713.64013671875,18013.98046875,42025.19140625,2252.7099609375,5713.64013671875,18013.98046875,42025.19140625,2252.7099609375,5733.56982421875,18099.9296875,42160.91015625,2258.780029296875,5686.419921875,17909.75,41832.08984375,2233.280029296875,5702.6298828125,17980.890625,41972.55859375,2233.280029296875,4024530000,5574650000,429760000,4024530000
